﻿VAL,Field,Type,MaxLen,Min,Max,Question
VAL,volunteer_id_CD-003,C,6,CD-003,CD-003,Volunteer ID
VAL,volunteer_id_CD-015,C,6,CD-015,CD-015,Volunteer ID
VAL,volunteer_id_CD-034,C,6,CD-034,CD-034,Volunteer ID
VAL,volunteer_id_CD-038,C,6,CD-038,CD-038,Volunteer ID
VAL,volunteer_id_CD-042,C,6,CD-042,CD-042,Volunteer ID
VAL,volunteer_id_CD-043,C,6,CD-043,CD-043,Volunteer ID
VAL,volunteer_id_CD-046,C,6,CD-046,CD-046,Volunteer ID
VAL,volunteer_id_CD-049,C,6,CD-049,CD-049,Volunteer ID
VAL,volunteer_id_CD-053,C,6,CD-053,CD-053,Volunteer ID
VAL,volunteer_id_CD-061,C,6,CD-061,CD-061,Volunteer ID
VAL,volunteer_id_CD-065,C,6,CD-065,CD-065,Volunteer ID
VAL,volunteer_id_CD-067,C,6,CD-067,CD-067,Volunteer ID
VAL,volunteer_id_CD-074,C,6,CD-074,CD-074,Volunteer ID
VAL,volunteer_id_CD-079,C,6,CD-079,CD-079,Volunteer ID
VAL,volunteer_id_CD-088,C,6,CD-088,CD-088,Volunteer ID
VAL,volunteer_id_CD-091,C,6,CD-091,CD-091,Volunteer ID
VAL,volunteer_id_CD-099,C,6,CD-099,CD-099,Volunteer ID
VAL,volunteer_id_CD-100,C,6,CD-100,CD-100,Volunteer ID
VAL,volunteer_id_CD-101,C,6,CD-101,CD-101,Volunteer ID
VAL,volunteer_id_CD-106,C,6,CD-106,CD-106,Volunteer ID
VAL,volunteer_id_CD-112,C,6,CD-112,CD-112,Volunteer ID
VAL,volunteer_id_CD-119,C,6,CD-119,CD-119,Volunteer ID
VAL,dob_14/03/1975,C,10,14/03/1975,14/03/1975,Date of Birth
VAL,dob_19/01/1966,C,10,19/01/1966,19/01/1966,Date of Birth
VAL,dob_04/12/2000,C,10,04/12/2000,04/12/2000,Date of Birth
VAL,dob_07/08/1978,C,10,07/08/1978,07/08/1978,Date of Birth
VAL,dob_01/12/1959,C,10,01/12/1959,01/12/1959,Date of Birth
VAL,dob_23/02/2000,C,10,23/02/2000,23/02/2000,Date of Birth
VAL,dob_19/04/1965,C,10,19/04/1965,19/04/1965,Date of Birth
VAL,dob_11/02/1978,C,10,11/02/1978,11/02/1978,Date of Birth
VAL,dob_28/04/1987,C,10,28/04/1987,28/04/1987,Date of Birth
VAL,dob_06/04/1967,C,10,06/04/1967,06/04/1967,Date of Birth
VAL,dob_21/04/1959,C,10,21/04/1959,21/04/1959,Date of Birth
VAL,dob_26/08/1978,C,10,26/08/1978,26/08/1978,Date of Birth
VAL,dob_01/03/1972,C,10,01/03/1972,01/03/1972,Date of Birth
VAL,dob_21/07/1967,C,10,21/07/1967,21/07/1967,Date of Birth
VAL,dob_17/09/1971,C,10,17/09/1971,17/09/1971,Date of Birth
VAL,dob_03/03/1963,C,10,03/03/1963,03/03/1963,Date of Birth
VAL,dob_29/06/1988,C,10,29/06/1988,29/06/1988,Date of Birth
VAL,dob_23/10/1976,C,10,23/10/1976,23/10/1976,Date of Birth
VAL,dob_27/12/1965,C,10,27/12/1965,27/12/1965,Date of Birth
VAL,dob_17/04/1959,C,10,17/04/1959,17/04/1959,Date of Birth
VAL,dob_08/07/1980,C,10,08/07/1980,08/07/1980,Date of Birth
VAL,dob_12/11/1980,C,10,12/11/1980,12/11/1980,Date of Birth
VAL,"pob_Clacton-on-sea, UK",C,18,"Clacton-on-sea, UK","Clacton-on-sea, UK",Place of Birth
VAL,"pob_Zhe Jiang, China",C,16,"Zhe Jiang, China","Zhe Jiang, China",Place of Birth
VAL,pob_India,C,5,India,India,Place of Birth
VAL,"pob_Karanganyar, Indonesia",C,22,"Karanganyar, Indonesia","Karanganyar, Indonesia",Place of Birth
VAL,"pob_Salisbury, UK",C,13,"Salisbury, UK","Salisbury, UK",Place of Birth
VAL,"pob_Izmir, Turkey",C,13,"Izmir, Turkey","Izmir, Turkey",Place of Birth
VAL,"pob_Kolkotta, India",C,15,"Kolkotta, India","Kolkotta, India",Place of Birth
VAL,pob_Hong Kong,C,9,Hong Kong,Hong Kong,Place of Birth
VAL,pob_Colombia,C,8,Colombia,Colombia,Place of Birth
VAL,"pob_Chittagong, Bangladesh",C,22,"Chittagong, Bangladesh","Chittagong, Bangladesh",Place of Birth
VAL,"pob_Accra, Ghana",C,12,"Accra, Ghana","Accra, Ghana",Place of Birth
VAL,pob_Venezuela,C,9,Venezuela,Venezuela,Place of Birth
VAL,"pob_Winnipeg, Canada",C,16,"Winnipeg, Canada","Winnipeg, Canada",Place of Birth
VAL,"pob_London, UK",C,10,"London, UK","London, UK",Place of Birth
VAL,"residence_London, UK",C,10,"London, UK","London, UK",Place of Residence
VAL,"residence_Dunstable,UK",C,12,"Dunstable,UK","Dunstable,UK",Place of Residence
VAL,"residence_Essex, UK",C,9,"Essex, UK","Essex, UK",Place of Residence
VAL,"residence_Southampton, UK",C,15,"Southampton, UK","Southampton, UK",Place of Residence
VAL,"residence_Godmanchester, UK",C,17,"Godmanchester, UK","Godmanchester, UK",Place of Residence
VAL,"residence_Northampton, UK",C,15,"Northampton, UK","Northampton, UK",Place of Residence
VAL,"residence_Welwyn, UK",C,10,"Welwyn, UK","Welwyn, UK",Place of Residence
VAL,sex_男,C,1,1,1,Sex
VAL,sex_女,C,1,2,2,Sex
VAL,ethnicity_Mixed-any other mixed backgrounds,C,33,Mixed-any other mixed backgrounds,Mixed-any other mixed backgrounds,Ethnicity
VAL,ethnicity_White British,C,13,White British,White British,Ethnicity
VAL,ethnicity_Chinese,C,7,Chinese,Chinese,Ethnicity
VAL,ethnicity_Asian or Asian British - Indian,C,31,Asian or Asian British - Indian,Asian or Asian British - Indian,Ethnicity
VAL,ethnicity_Asian,C,5,Asian,Asian,Ethnicity
VAL,ethnicity_Black or Black British-African,C,30,Black or Black British-African,Black or Black British-African,Ethnicity
VAL,ethnicity_White - Any other White background,C,34,White - Any other White background,White - Any other White background,Ethnicity
VAL,ethnicity_Mixed - Any other mixed background,C,34,Mixed - Any other mixed background,Mixed - Any other mixed background,Ethnicity
VAL,ethnicity_Black or Black British - African,C,32,Black or Black British - African,Black or Black British - African,Ethnicity
VAL,ethnicity_Asian any other Asian background,C,32,Asian any other Asian background,Asian any other Asian background,Ethnicity
VAL,ethnicity_Other Ethnic Groups - Any other ethnic group,C,44,Other Ethnic Groups - Any other ethnic group,Other Ethnic Groups - Any other ethnic group,Ethnicity
VAL,ethnicity_Asian or Asian British-Bangladeshi,C,34,Asian or Asian British-Bangladeshi,Asian or Asian British-Bangladeshi,Ethnicity
VAL,ethnicity_Black or Black British - Caribbean,C,34,Black or Black British - Caribbean,Black or Black British - Caribbean,Ethnicity
VAL,marital_status_Single or divorced,C,18,Single or divorced,Single or divorced,Marital status
VAL,marital_status_Married,C,7,Married,Married,Marital status
VAL,living_status_Living alone,C,12,Living alone,Living alone,Living Status
VAL,living_status_Living in a family home,C,23,Living in a family home,Living in a family home,Living Status
VAL,living_status_Living with a partner,C,21,Living with a partner,Living with a partner,Living Status
VAL,employment_status_Working,C,7,Working,Working,Employment Status
VAL,employment_status_Student,C,7,Student,Student,Employment Status
VAL,employment_status_Non-working,C,11,Non-working,Non-working,Employment Status
VAL,employment_status_Retired,C,7,Retired,Retired,Employment Status
VAL,"current_profession_years_Nursing, 26 years",C,17,"Nursing, 26 years","Nursing, 26 years","If you answered working, please fill in: current profession and years working"
VAL,"current_profession_years_Incubator Manager, 14 years",C,27,"Incubator Manager, 14 years","Incubator Manager, 14 years","If you answered working, please fill in: current profession and years working"
VAL,"current_profession_years_carer,9 months",C,14,"carer,9 months","carer,9 months","If you answered working, please fill in: current profession and years working"
VAL,"current_profession_years_business, 38 years",C,18,"business, 38 years","business, 38 years","If you answered working, please fill in: current profession and years working"
VAL,"current_profession_years_operation theatre HCA, 2 years and 4 months",C,43,"operation theatre HCA, 2 years and 4 months","operation theatre HCA, 2 years and 4 months","If you answered working, please fill in: current profession and years working"
VAL,current_profession_years_customer service,C,16,customer service,customer service,"If you answered working, please fill in: current profession and years working"
VAL,"current_profession_years_civil servant, 22 years",C,23,"civil servant, 22 years","civil servant, 22 years","If you answered working, please fill in: current profession and years working"
VAL,"current_profession_years_book-keeper, 40 years",C,21,"book-keeper, 40 years","book-keeper, 40 years","If you answered working, please fill in: current profession and years working"
VAL,"current_profession_years_Senior ACCT Manager, 1 year",C,27,"Senior ACCT Manager, 1 year","Senior ACCT Manager, 1 year","If you answered working, please fill in: current profession and years working"
VAL,"current_profession_years_Executive Assistant, 11 years",C,29,"Executive Assistant, 11 years","Executive Assistant, 11 years","If you answered working, please fill in: current profession and years working"
VAL,last_profession_years_biochemist,C,10,biochemist,biochemist,"If you answered not working, please fill last profession and years working"
VAL,"last_profession_years_kitchen designer, 37 years",C,26,"kitchen designer, 37 years","kitchen designer, 37 years","If you answered not working, please fill last profession and years working"
VAL,"last_profession_years_banker, 5 years",C,15,"banker, 5 years","banker, 5 years","If you answered not working, please fill last profession and years working"
VAL,"last_profession_years_Family Content Supervisor, 7 years",C,34,"Family Content Supervisor, 7 years","Family Content Supervisor, 7 years","If you answered not working, please fill last profession and years working"
VAL,"retired_profession_years_Administration, 40 years",C,24,"Administration, 40 years","Administration, 40 years","If you answered retired, please fill in, last profession and years working"
VAL,"salary_>17,200-25,800",C,14,">17,200-25,800",">17,200-25,800",Salary (annual net salary)
VAL,"salary_>£51,000",C,8,">£51,000",">£51,000",Salary (annual net salary)
VAL,"salary_>£34,400-43,000",C,15,">£34,400-43,000",">£34,400-43,000",Salary (annual net salary)
VAL,"salary_>£25,800-34,400",C,15,">£25,800-34,400",">£25,800-34,400",Salary (annual net salary)
VAL,"salary_>£17,200-25,800",C,15,">£17,200-25,800",">£17,200-25,800",Salary (annual net salary)
VAL,"salary_0-£10,320",C,9,"0-£10,320","0-£10,320",Salary (annual net salary)
VAL,"salary_>£ 43,000-51,600",C,16,">£ 43,000-51,600",">£ 43,000-51,600",Salary (annual net salary)
VAL,"salary_>£10,320-17,200",C,15,">£10,320-17,200",">£10,320-17,200",Salary (annual net salary)
VAL,working_time_Full-time,C,9,Full-time,Full-time,Working time
VAL,working_time_Part-time,C,9,Part-time,Part-time,Working time
VAL,shift_pattern_2 days a week,C,13,2 days a week,2 days a week,"If you answered shift worker, please describe your shifts patterns"
VAL,shift_pattern_2 and 1/2 days a week,C,21,2 and 1/2 days a week,2 and 1/2 days a week,"If you answered shift worker, please describe your shifts patterns"
VAL,education_Secondary,C,9,Secondary,Secondary,Education Level
VAL,education_University (bachelor or equivalent),C,35,University (bachelor or equivalent),University (bachelor or equivalent),Education Level
VAL,education_Doctoral,C,8,Doctoral,Doctoral,Education Level
VAL,education_short-cycle tertiary education,C,30,short-cycle tertiary education,short-cycle tertiary education,Education Level
VAL,"Women's health (only for women)  Please fill in the following information:  Years of menarche  Years of menopause  Number of children  Number of full-term pregnancies  Currently breastfeeding?  Did you breastfeed your children? If yes, how many?_10, 0, 0, 0, No",C,15,"10, 0, 0, 0, No","10, 0, 0, 0, No","Women's health (only for women)  Please fill in the following information:  Years of menarche  Years of menopause  Number of children  Number of full-term pregnancies  Currently breastfeeding?  Did you breastfeed your children? If yes, how many?"
VAL,"Women's health (only for women)  Please fill in the following information:  Years of menarche  Years of menopause  Number of children  Number of full-term pregnancies  Currently breastfeeding?  Did you breastfeed your children? If yes, how many?_N/A, 1, 1, 1, N/A",C,17,"N/A, 1, 1, 1, N/A","N/A, 1, 1, 1, N/A","Women's health (only for women)  Please fill in the following information:  Years of menarche  Years of menopause  Number of children  Number of full-term pregnancies  Currently breastfeeding?  Did you breastfeed your children? If yes, how many?"
VAL,"Women's health (only for women)  Please fill in the following information:  Years of menarche  Years of menopause  Number of children  Number of full-term pregnancies  Currently breastfeeding?  Did you breastfeed your children? If yes, how many?_24, 0, 0, 0, N/A",C,16,"24, 0, 0, 0, N/A","24, 0, 0, 0, N/A","Women's health (only for women)  Please fill in the following information:  Years of menarche  Years of menopause  Number of children  Number of full-term pregnancies  Currently breastfeeding?  Did you breastfeed your children? If yes, how many?"
VAL,"Women's health (only for women)  Please fill in the following information:  Years of menarche  Years of menopause  Number of children  Number of full-term pregnancies  Currently breastfeeding?  Did you breastfeed your children? If yes, how many?_37, 14, 2, 2",C,12,"37, 14, 2, 2","37, 14, 2, 2","Women's health (only for women)  Please fill in the following information:  Years of menarche  Years of menopause  Number of children  Number of full-term pregnancies  Currently breastfeeding?  Did you breastfeed your children? If yes, how many?"
VAL,"Women's health (only for women)  Please fill in the following information:  Years of menarche  Years of menopause  Number of children  Number of full-term pregnancies  Currently breastfeeding?  Did you breastfeed your children? If yes, how many?_N/A, 9, 2, 2, 2",C,15,"N/A, 9, 2, 2, 2","N/A, 9, 2, 2, 2","Women's health (only for women)  Please fill in the following information:  Years of menarche  Years of menopause  Number of children  Number of full-term pregnancies  Currently breastfeeding?  Did you breastfeed your children? If yes, how many?"
VAL,"Women's health (only for women)  Please fill in the following information:  Years of menarche  Years of menopause  Number of children  Number of full-term pregnancies  Currently breastfeeding?  Did you breastfeed your children? If yes, how many?_2 children",C,10,2 children,2 children,"Women's health (only for women)  Please fill in the following information:  Years of menarche  Years of menopause  Number of children  Number of full-term pregnancies  Currently breastfeeding?  Did you breastfeed your children? If yes, how many?"
VAL,"Women's health (only for women)  Please fill in the following information:  Years of menarche  Years of menopause  Number of children  Number of full-term pregnancies  Currently breastfeeding?  Did you breastfeed your children? If yes, how many?_34, NA, 2, 2",C,12,"34, NA, 2, 2","34, NA, 2, 2","Women's health (only for women)  Please fill in the following information:  Years of menarche  Years of menopause  Number of children  Number of full-term pregnancies  Currently breastfeeding?  Did you breastfeed your children? If yes, how many?"
VAL,"Women's health (only for women)  Please fill in the following information:  Years of menarche  Years of menopause  Number of children  Number of full-term pregnancies  Currently breastfeeding?  Did you breastfeed your children? If yes, how many?_32, 16, 0, 0",C,12,"32, 16, 0, 0","32, 16, 0, 0","Women's health (only for women)  Please fill in the following information:  Years of menarche  Years of menopause  Number of children  Number of full-term pregnancies  Currently breastfeeding?  Did you breastfeed your children? If yes, how many?"
VAL,"Women's health (only for women)  Please fill in the following information:  Years of menarche  Years of menopause  Number of children  Number of full-term pregnancies  Currently breastfeeding?  Did you breastfeed your children? If yes, how many?_34, 24, 0, 0",C,12,"34, 24, 0, 0","34, 24, 0, 0","Women's health (only for women)  Please fill in the following information:  Years of menarche  Years of menopause  Number of children  Number of full-term pregnancies  Currently breastfeeding?  Did you breastfeed your children? If yes, how many?"
VAL,"Women's health (only for women)  Please fill in the following information:  Years of menarche  Years of menopause  Number of children  Number of full-term pregnancies  Currently breastfeeding?  Did you breastfeed your children? If yes, how many?_31,0,3,3",C,8,"31,0,3,3","31,0,3,3","Women's health (only for women)  Please fill in the following information:  Years of menarche  Years of menopause  Number of children  Number of full-term pregnancies  Currently breastfeeding?  Did you breastfeed your children? If yes, how many?"
VAL,smoking_status_never smoked,C,12,never smoked,never smoked,Smoking status
VAL,smoking_status_former smoker,C,13,former smoker,former smoker,Smoking status
VAL,smoking_status_current smoker,C,14,current smoker,current smoker,Smoking status
VAL,"If you answered former smoker, please fill in the following details:  Number of cigarettes per day  Years smoking  Years without smoking  Age started smoking_20 cigarettes/ day, stopped smoking 32 years ago",C,48,"20 cigarettes/ day, stopped smoking 32 years ago","20 cigarettes/ day, stopped smoking 32 years ago","If you answered former smoker, please fill in the following details:  Number of cigarettes per day  Years smoking  Years without smoking  Age started smoking"
VAL,"If you answered former smoker, please fill in the following details:  Number of cigarettes per day  Years smoking  Years without smoking  Age started smoking_2 cigarettes per week, 7 years of smoking",C,41,"2 cigarettes per week, 7 years of smoking","2 cigarettes per week, 7 years of smoking","If you answered former smoker, please fill in the following details:  Number of cigarettes per day  Years smoking  Years without smoking  Age started smoking"
VAL,"If you answered former smoker, please fill in the following details:  Number of cigarettes per day  Years smoking  Years without smoking  Age started smoking_16, 2, 35, 21",C,13,"16, 2, 35, 21","16, 2, 35, 21","If you answered former smoker, please fill in the following details:  Number of cigarettes per day  Years smoking  Years without smoking  Age started smoking"
VAL,"If you answered former smoker, please fill in the following details:  Number of cigarettes per day  Years smoking  Years without smoking  Age started smoking_2 cigarettes per day, 12, 43, 16",C,32,"2 cigarettes per day, 12, 43, 16","2 cigarettes per day, 12, 43, 16","If you answered former smoker, please fill in the following details:  Number of cigarettes per day  Years smoking  Years without smoking  Age started smoking"
VAL,"If you answered current smoker, please fill in the following details:  number of cigarettes smoked per day  years smoking  age started smoking_10, 8, 18",C,9,"10, 8, 18","10, 8, 18","If you answered current smoker, please fill in the following details:  number of cigarettes smoked per day  years smoking  age started smoking"
VAL,"If you answered current smoker, please fill in the following details:  number of cigarettes smoked per day  years smoking  age started smoking_5, 36, 25",C,9,"5, 36, 25","5, 36, 25","If you answered current smoker, please fill in the following details:  number of cigarettes smoked per day  years smoking  age started smoking"
VAL,"If you answered current smoker, please fill in the following details:  number of cigarettes smoked per day  years smoking  age started smoking_3-4 cigarettes per day,26 ,17",C,29,"3-4 cigarettes per day,26 ,17","3-4 cigarettes per day,26 ,17","If you answered current smoker, please fill in the following details:  number of cigarettes smoked per day  years smoking  age started smoking"
VAL,specific_diet_no diet,C,7,no diet,no diet,Are you following a specific diet?
VAL,specific_diet_vegetarian,C,10,vegetarian,vegetarian,Are you following a specific diet?
VAL,specific_diet_vegan,C,5,vegan,vegan,Are you following a specific diet?
VAL,specific_diet_other,C,5,other,other,Are you following a specific diet?
VAL,other_diet_Mediterranean diet,C,18,Mediterranean diet,Mediterranean diet,"If you filled in other for diet, please describe your diet"
VAL,other_diet_Pescatarian,C,11,Pescatarian,Pescatarian,"If you filled in other for diet, please describe your diet"
VAL,other_diet_Intermittent Fasting,C,20,Intermittent Fasting,Intermittent Fasting,"If you filled in other for diet, please describe your diet"
VAL,"medical_history_Hypertension, Stress/anxiety",C,28,"Hypertension, Stress/anxiety","Hypertension, Stress/anxiety",Medical history. Did you have any of the following conditions?
VAL,medical_history_allergies,C,9,allergies,allergies,Medical history. Did you have any of the following conditions?
VAL,medical_history_other,C,5,other,other,Medical history. Did you have any of the following conditions?
VAL,"medical_history_peanut allergy, sensory processing disorder",C,43,"peanut allergy, sensory processing disorder","peanut allergy, sensory processing disorder",Medical history. Did you have any of the following conditions?
VAL,medical_history_No,C,2,No,No,Medical history. Did you have any of the following conditions?
VAL,"medical_history_obesity, dyslipidaemia, stress/anxiety",C,38,"obesity, dyslipidaemia, stress/anxiety","obesity, dyslipidaemia, stress/anxiety",Medical history. Did you have any of the following conditions?
VAL,medical_history_Hypertension,C,12,Hypertension,Hypertension,Medical history. Did you have any of the following conditions?
VAL,"medical_history_obesity, dyslipidaemia, pollen allergy",C,38,"obesity, dyslipidaemia, pollen allergy","obesity, dyslipidaemia, pollen allergy",Medical history. Did you have any of the following conditions?
VAL,"medical_history_Hypertension, high cholesterol",C,30,"Hypertension, high cholesterol","Hypertension, high cholesterol",Medical history. Did you have any of the following conditions?
VAL,"medical_history_obesity, allergies",C,18,"obesity, allergies","obesity, allergies",Medical history. Did you have any of the following conditions?
VAL,"medical_history_COVID in the last 6 months, obesity, hypertension, stress/anxiety",C,65,"COVID in the last 6 months, obesity, hypertension, stress/anxiety","COVID in the last 6 months, obesity, hypertension, stress/anxiety",Medical history. Did you have any of the following conditions?
VAL,other_medical_history_allergy to bamboo shoots,C,24,allergy to bamboo shoots,allergy to bamboo shoots,If you answered other in the above question please describe here your medical history
VAL,other_medical_history_haemorrhoids,C,12,haemorrhoids,haemorrhoids,If you answered other in the above question please describe here your medical history
VAL,other_medical_history_endometriosis,C,13,endometriosis,endometriosis,If you answered other in the above question please describe here your medical history
VAL,sleep_workdays_2 hours,C,7,2 hours,2 hours,How many hours per day do you sleep during workdays?
VAL,sleep_workdays_8 hours,C,7,8 hours,8 hours,How many hours per day do you sleep during workdays?
VAL,sleep_workdays_7 or 8 hours,C,12,7 or 8 hours,7 or 8 hours,How many hours per day do you sleep during workdays?
VAL,sleep_workdays_6 hours,C,7,6 hours,6 hours,How many hours per day do you sleep during workdays?
VAL,sleep_workdays_8 or 9 hours,C,12,8 or 9 hours,8 or 9 hours,How many hours per day do you sleep during workdays?
VAL,sleep_workdays_7 hous,C,6,7 hous,7 hous,How many hours per day do you sleep during workdays?
VAL,sleep_workdays_7 hours,C,7,7 hours,7 hours,How many hours per day do you sleep during workdays?
VAL,sleep_workdays_7,C,1,7,7,How many hours per day do you sleep during workdays?
VAL,sleep_workdays_5-7 hours,C,9,5-7 hours,5-7 hours,How many hours per day do you sleep during workdays?
VAL,sleep_workdays_6-7 hours,C,9,6-7 hours,6-7 hours,How many hours per day do you sleep during workdays?
VAL,sleep_workdays_5-6 hours,C,9,5-6 hours,5-6 hours,How many hours per day do you sleep during workdays?
VAL,sleep_freedays_0 hour,C,6,0 hour,0 hour,How many hours per day do you sleep during free days?
VAL,sleep_freedays_9 hours,C,7,9 hours,9 hours,How many hours per day do you sleep during free days?
VAL,sleep_freedays_8 hours,C,7,8 hours,8 hours,How many hours per day do you sleep during free days?
VAL,sleep_freedays_6 hours,C,7,6 hours,6 hours,How many hours per day do you sleep during free days?
VAL,sleep_freedays_7,C,1,7,7,How many hours per day do you sleep during free days?
VAL,sleep_freedays_7 hours,C,7,7 hours,7 hours,How many hours per day do you sleep during free days?
VAL,sleep_freedays_6-7 hours,C,9,6-7 hours,6-7 hours,How many hours per day do you sleep during free days?
VAL,take_naps_No,C,2,No,No,Do you take naps during the day?
VAL,take_naps_no,C,2,no,no,Do you take naps during the day?
VAL,take_naps_Yes,C,3,Yes,Yes,Do you take naps during the day?
VAL,take_naps_1,C,1,1,1,Do you take naps during the day?
VAL,nap_details_1.0,N,3,1.0,1.0,"If you answered yes in the above question, please mention how many naps and how long they are."
VAL,sleep_quality_1.0,N,3,1.0,1.0,"Rate your sleep quality (1: very bad, 5: very good)"
VAL,sleep_quality_2.0,N,3,2.0,2.0,"Rate your sleep quality (1: very bad, 5: very good)"
VAL,sleep_quality_3.0,N,3,3.0,3.0,"Rate your sleep quality (1: very bad, 5: very good)"
VAL,sleep_quality_5.0,N,3,5.0,5.0,"Rate your sleep quality (1: very bad, 5: very good)"
VAL,"We are interested in finding out about the kinds of physical activities that people do as part of their everyday lives.  The questions will ask you about the time you spent being physically active in the last 7 days. Please answer each question even if yo_(-0.001, 0.2]",N,13,"(-0.001, 0.2]","(-0.001, 0.2]",We are interested in finding out about the kinds of physical activities that people do as part of their everyday lives.  The questions will ask you about the time you spent being physically active in the last 7 days. Please answer each question even if yo
VAL,"We are interested in finding out about the kinds of physical activities that people do as part of their everyday lives.  The questions will ask you about the time you spent being physically active in the last 7 days. Please answer each question even if yo_(0.2, 1.0]",N,10,"(0.2, 1.0]","(0.2, 1.0]",We are interested in finding out about the kinds of physical activities that people do as part of their everyday lives.  The questions will ask you about the time you spent being physically active in the last 7 days. Please answer each question even if yo
VAL,"We are interested in finding out about the kinds of physical activities that people do as part of their everyday lives.  The questions will ask you about the time you spent being physically active in the last 7 days. Please answer each question even if yo_(1.0, 3.0]",N,10,"(1.0, 3.0]","(1.0, 3.0]",We are interested in finding out about the kinds of physical activities that people do as part of their everyday lives.  The questions will ask you about the time you spent being physically active in the last 7 days. Please answer each question even if yo
VAL,"We are interested in finding out about the kinds of physical activities that people do as part of their everyday lives.  The questions will ask you about the time you spent being physically active in the last 7 days. Please answer each question even if yo_(3.0, 7.0]",N,10,"(3.0, 7.0]","(3.0, 7.0]",We are interested in finding out about the kinds of physical activities that people do as part of their everyday lives.  The questions will ask you about the time you spent being physically active in the last 7 days. Please answer each question even if yo
VAL,vigorous_activity_0,C,1,0,0,How much time did you usually spend doing vigorous physical activities on one of those days? Please answer in hours and minutes per day.
VAL,vigorous_activity_30 minutes,C,10,30 minutes,30 minutes,How much time did you usually spend doing vigorous physical activities on one of those days? Please answer in hours and minutes per day.
VAL,vigorous_activity_40 minutes,C,10,40 minutes,40 minutes,How much time did you usually spend doing vigorous physical activities on one of those days? Please answer in hours and minutes per day.
VAL,vigorous_activity_60 minutes,C,10,60 minutes,60 minutes,How much time did you usually spend doing vigorous physical activities on one of those days? Please answer in hours and minutes per day.
VAL,vigorous_activity_15 minutes,C,10,15 minutes,15 minutes,How much time did you usually spend doing vigorous physical activities on one of those days? Please answer in hours and minutes per day.
VAL,vigorous_activity_35 minutes,C,10,35 minutes,35 minutes,How much time did you usually spend doing vigorous physical activities on one of those days? Please answer in hours and minutes per day.
VAL,vigorous_activity_1 hour,C,6,1 hour,1 hour,How much time did you usually spend doing vigorous physical activities on one of those days? Please answer in hours and minutes per day.
VAL,"Think about all the moderate activities that you did in the last 7 days. Moderate activities refer to activities that take moderate physical effort and make you breathe somewhat harder than normal. Think only about those physical activities that you did f_(-1e-15, 2.0]",N,13,"(-1e-15, 2.0]","(-1e-15, 2.0]",Think about all the moderate activities that you did in the last 7 days. Moderate activities refer to activities that take moderate physical effort and make you breathe somewhat harder than normal. Think only about those physical activities that you did f
VAL,"Think about all the moderate activities that you did in the last 7 days. Moderate activities refer to activities that take moderate physical effort and make you breathe somewhat harder than normal. Think only about those physical activities that you did f_(2.000000000000002, 5.0]",N,24,"(2.000000000000002, 5.0]","(2.000000000000002, 5.0]",Think about all the moderate activities that you did in the last 7 days. Moderate activities refer to activities that take moderate physical effort and make you breathe somewhat harder than normal. Think only about those physical activities that you did f
VAL,"Think about all the moderate activities that you did in the last 7 days. Moderate activities refer to activities that take moderate physical effort and make you breathe somewhat harder than normal. Think only about those physical activities that you did f_(5.0, 7.0]",N,10,"(5.0, 7.0]","(5.0, 7.0]",Think about all the moderate activities that you did in the last 7 days. Moderate activities refer to activities that take moderate physical effort and make you breathe somewhat harder than normal. Think only about those physical activities that you did f
VAL,moderate_activity_2.5 hours,C,9,2.5 hours,2.5 hours,How much time did you usually spend doing moderate physical activities on one of those days? Please answer in hours and minutes
VAL,moderate_activity_1 hour,C,6,1 hour,1 hour,How much time did you usually spend doing moderate physical activities on one of those days? Please answer in hours and minutes
VAL,moderate_activity_15 minutes,C,10,15 minutes,15 minutes,How much time did you usually spend doing moderate physical activities on one of those days? Please answer in hours and minutes
VAL,moderate_activity_60 minutes,C,10,60 minutes,60 minutes,How much time did you usually spend doing moderate physical activities on one of those days? Please answer in hours and minutes
VAL,moderate_activity_30 minutes,C,10,30 minutes,30 minutes,How much time did you usually spend doing moderate physical activities on one of those days? Please answer in hours and minutes
VAL,moderate_activity_0,C,1,0,0,How much time did you usually spend doing moderate physical activities on one of those days? Please answer in hours and minutes
VAL,moderate_activity_90 minutes,C,10,90 minutes,90 minutes,How much time did you usually spend doing moderate physical activities on one of those days? Please answer in hours and minutes
VAL,moderate_activity_45 minutes,C,10,45 minutes,45 minutes,How much time did you usually spend doing moderate physical activities on one of those days? Please answer in hours and minutes
VAL,"Think about the time you spent walking in the last 7 days. This includes at work and at home, walking to travel from place to place, and any other walking that you have done solely for recreation, sport, exercise, or leisure.    During the last 7 days, on_3.0",N,3,3.0,3.0,"Think about the time you spent walking in the last 7 days. This includes at work and at home, walking to travel from place to place, and any other walking that you have done solely for recreation, sport, exercise, or leisure.    During the last 7 days, on"
VAL,"Think about the time you spent walking in the last 7 days. This includes at work and at home, walking to travel from place to place, and any other walking that you have done solely for recreation, sport, exercise, or leisure.    During the last 7 days, on_4.0",N,3,4.0,4.0,"Think about the time you spent walking in the last 7 days. This includes at work and at home, walking to travel from place to place, and any other walking that you have done solely for recreation, sport, exercise, or leisure.    During the last 7 days, on"
VAL,"Think about the time you spent walking in the last 7 days. This includes at work and at home, walking to travel from place to place, and any other walking that you have done solely for recreation, sport, exercise, or leisure.    During the last 7 days, on_5.0",N,3,5.0,5.0,"Think about the time you spent walking in the last 7 days. This includes at work and at home, walking to travel from place to place, and any other walking that you have done solely for recreation, sport, exercise, or leisure.    During the last 7 days, on"
VAL,"Think about the time you spent walking in the last 7 days. This includes at work and at home, walking to travel from place to place, and any other walking that you have done solely for recreation, sport, exercise, or leisure.    During the last 7 days, on_6.0",N,3,6.0,6.0,"Think about the time you spent walking in the last 7 days. This includes at work and at home, walking to travel from place to place, and any other walking that you have done solely for recreation, sport, exercise, or leisure.    During the last 7 days, on"
VAL,"Think about the time you spent walking in the last 7 days. This includes at work and at home, walking to travel from place to place, and any other walking that you have done solely for recreation, sport, exercise, or leisure.    During the last 7 days, on_7.0",N,3,7.0,7.0,"Think about the time you spent walking in the last 7 days. This includes at work and at home, walking to travel from place to place, and any other walking that you have done solely for recreation, sport, exercise, or leisure.    During the last 7 days, on"
VAL,walking_time_6,C,1,6,6,How much time did you usually spend walking on one of those days? Please answer in hours and minutes.
VAL,walking_time_1 hour,C,6,1 hour,1 hour,How much time did you usually spend walking on one of those days? Please answer in hours and minutes.
VAL,walking_time_20-30 minutes,C,13,20-30 minutes,20-30 minutes,How much time did you usually spend walking on one of those days? Please answer in hours and minutes.
VAL,walking_time_30 minutes,C,10,30 minutes,30 minutes,How much time did you usually spend walking on one of those days? Please answer in hours and minutes.
VAL,walking_time_90 minutes,C,10,90 minutes,90 minutes,How much time did you usually spend walking on one of those days? Please answer in hours and minutes.
VAL,walking_time_15 minutes,C,10,15 minutes,15 minutes,How much time did you usually spend walking on one of those days? Please answer in hours and minutes.
VAL,walking_time_40 minutes,C,10,40 minutes,40 minutes,How much time did you usually spend walking on one of those days? Please answer in hours and minutes.
VAL,walking_time_7 hours,C,7,7 hours,7 hours,How much time did you usually spend walking on one of those days? Please answer in hours and minutes.
VAL,walking_time_10 hours,C,8,10 hours,10 hours,How much time did you usually spend walking on one of those days? Please answer in hours and minutes.
VAL,walking_time_2-3 hours,C,9,2-3 hours,2-3 hours,How much time did you usually spend walking on one of those days? Please answer in hours and minutes.
VAL,"The last question is about the time you spent sitting on weekdays during the last 7 days.  Include time spent at work, at home, while doing course work and during leisure time.  This may include time spent sitting at a desk, visiting friends, reading, or _5 hours",C,7,5 hours,5 hours,"The last question is about the time you spent sitting on weekdays during the last 7 days.  Include time spent at work, at home, while doing course work and during leisure time.  This may include time spent sitting at a desk, visiting friends, reading, or "
VAL,"The last question is about the time you spent sitting on weekdays during the last 7 days.  Include time spent at work, at home, while doing course work and during leisure time.  This may include time spent sitting at a desk, visiting friends, reading, or _10 hours",C,8,10 hours,10 hours,"The last question is about the time you spent sitting on weekdays during the last 7 days.  Include time spent at work, at home, while doing course work and during leisure time.  This may include time spent sitting at a desk, visiting friends, reading, or "
VAL,"The last question is about the time you spent sitting on weekdays during the last 7 days.  Include time spent at work, at home, while doing course work and during leisure time.  This may include time spent sitting at a desk, visiting friends, reading, or _8 hours",C,7,8 hours,8 hours,"The last question is about the time you spent sitting on weekdays during the last 7 days.  Include time spent at work, at home, while doing course work and during leisure time.  This may include time spent sitting at a desk, visiting friends, reading, or "
VAL,"The last question is about the time you spent sitting on weekdays during the last 7 days.  Include time spent at work, at home, while doing course work and during leisure time.  This may include time spent sitting at a desk, visiting friends, reading, or _3-4 hours",C,9,3-4 hours,3-4 hours,"The last question is about the time you spent sitting on weekdays during the last 7 days.  Include time spent at work, at home, while doing course work and during leisure time.  This may include time spent sitting at a desk, visiting friends, reading, or "
VAL,"The last question is about the time you spent sitting on weekdays during the last 7 days.  Include time spent at work, at home, while doing course work and during leisure time.  This may include time spent sitting at a desk, visiting friends, reading, or _4 hours",C,7,4 hours,4 hours,"The last question is about the time you spent sitting on weekdays during the last 7 days.  Include time spent at work, at home, while doing course work and during leisure time.  This may include time spent sitting at a desk, visiting friends, reading, or "
VAL,"The last question is about the time you spent sitting on weekdays during the last 7 days.  Include time spent at work, at home, while doing course work and during leisure time.  This may include time spent sitting at a desk, visiting friends, reading, or _3 hours",C,7,3 hours,3 hours,"The last question is about the time you spent sitting on weekdays during the last 7 days.  Include time spent at work, at home, while doing course work and during leisure time.  This may include time spent sitting at a desk, visiting friends, reading, or "
VAL,"The last question is about the time you spent sitting on weekdays during the last 7 days.  Include time spent at work, at home, while doing course work and during leisure time.  This may include time spent sitting at a desk, visiting friends, reading, or _7 hours",C,7,7 hours,7 hours,"The last question is about the time you spent sitting on weekdays during the last 7 days.  Include time spent at work, at home, while doing course work and during leisure time.  This may include time spent sitting at a desk, visiting friends, reading, or "
VAL,Dietary Habits Questions (14-item questionnaire for Adherence to Mediterranean diet)    Do you use olive oil as a main culinary fat?  _No,C,2,No,No,Dietary Habits Questions (14-item questionnaire for Adherence to Mediterranean diet)    Do you use olive oil as a main culinary fat?  
VAL,Dietary Habits Questions (14-item questionnaire for Adherence to Mediterranean diet)    Do you use olive oil as a main culinary fat?  _Yes,C,3,Yes,Yes,Dietary Habits Questions (14-item questionnaire for Adherence to Mediterranean diet)    Do you use olive oil as a main culinary fat?  
VAL,"How much olive oil do you consume in a given day (including oil used for frying, salads, out-of-house meals, etc.)? _?4 tbsp",C,7,?4 tbsp,?4 tbsp,"How much olive oil do you consume in a given day (including oil used for frying, salads, out-of-house meals, etc.)? "
VAL,"How much olive oil do you consume in a given day (including oil used for frying, salads, out-of-house meals, etc.)? _<4 tbsp",C,7,<4 tbsp,<4 tbsp,"How much olive oil do you consume in a given day (including oil used for frying, salads, out-of-house meals, etc.)? "
VAL,"How much olive oil do you consume in a given day (including oil used for frying, salads, out-of-house meals, etc.)? _?4",C,2,?4,?4,"How much olive oil do you consume in a given day (including oil used for frying, salads, out-of-house meals, etc.)? "
VAL,How many vegetable servings do you consume per day? (1 serving : 200 g [consider side dishes as half a serving])_?2,C,2,?2,?2,How many vegetable servings do you consume per day? (1 serving : 200 g [consider side dishes as half a serving])
VAL,How many vegetable servings do you consume per day? (1 serving : 200 g [consider side dishes as half a serving])_<2,C,2,<2,<2,How many vegetable servings do you consume per day? (1 serving : 200 g [consider side dishes as half a serving])
VAL,fruit_units_<3,C,2,<3,<3,How many fruit units (including natural fruit juices) do you consume per day?
VAL,fruit_units_?3,C,2,?3,?3,How many fruit units (including natural fruit juices) do you consume per day?
VAL,"How many servings of red meat, hamburger, or meat products (ham, sausage, etc.) do you consume per day? (1 serving: 100-150 g) _>1",C,2,>1,>1,"How many servings of red meat, hamburger, or meat products (ham, sausage, etc.) do you consume per day? (1 serving: 100-150 g) "
VAL,"How many servings of red meat, hamburger, or meat products (ham, sausage, etc.) do you consume per day? (1 serving: 100-150 g) _<1",C,2,<1,<1,"How many servings of red meat, hamburger, or meat products (ham, sausage, etc.) do you consume per day? (1 serving: 100-150 g) "
VAL,"How many servings of butter, margarine, or cream do you consume per day? (1 serving: 12 g) _?1",C,2,?1,?1,"How many servings of butter, margarine, or cream do you consume per day? (1 serving: 12 g) "
VAL,"How many servings of butter, margarine, or cream do you consume per day? (1 serving: 12 g) _<1",C,2,<1,<1,"How many servings of butter, margarine, or cream do you consume per day? (1 serving: 12 g) "
VAL,sweet_drinks_?1,C,2,?1,?1,How many sweet or carbonated beverages do you drink per day?
VAL,sweet_drinks_<1,C,2,<1,<1,How many sweet or carbonated beverages do you drink per day?
VAL,wine_per_week_?7 glasses,C,10,?7 glasses,?7 glasses,How much wine do you drink per week?
VAL,wine_per_week_<7 glasses,C,10,<7 glasses,<7 glasses,How much wine do you drink per week?
VAL,wine_per_week_>7 glasses,C,10,>7 glasses,>7 glasses,How much wine do you drink per week?
VAL,How many servings of legumes do you consume per week? (1 serving: 150 g)_?3,C,2,?3,?3,How many servings of legumes do you consume per week? (1 serving: 150 g)
VAL,How many servings of legumes do you consume per week? (1 serving: 150 g)_<3,C,2,<3,<3,How many servings of legumes do you consume per week? (1 serving: 150 g)
VAL,How many servings of fish or shellfish do you consume per week? (1 serving 100-150 g of fish or 4-5 units or 200 g of shellfish)_<3,C,2,<3,<3,How many servings of fish or shellfish do you consume per week? (1 serving 100-150 g of fish or 4-5 units or 200 g of shellfish)
VAL,How many servings of fish or shellfish do you consume per week? (1 serving 100-150 g of fish or 4-5 units or 200 g of shellfish)_?3,C,2,?3,?3,How many servings of fish or shellfish do you consume per week? (1 serving 100-150 g of fish or 4-5 units or 200 g of shellfish)
VAL,"How many times per week do you consume commercial sweets or pastries (not homemade), such as cakes, cookies, biscuits, or custard? _?3",C,2,?3,?3,"How many times per week do you consume commercial sweets or pastries (not homemade), such as cakes, cookies, biscuits, or custard? "
VAL,"How many times per week do you consume commercial sweets or pastries (not homemade), such as cakes, cookies, biscuits, or custard? _<3",C,2,<3,<3,"How many times per week do you consume commercial sweets or pastries (not homemade), such as cakes, cookies, biscuits, or custard? "
VAL,How many servings of nuts (including peanuts) do you consume per week? (1 serving 30 g) _<3,C,2,<3,<3,How many servings of nuts (including peanuts) do you consume per week? (1 serving 30 g) 
VAL,How many servings of nuts (including peanuts) do you consume per week? (1 serving 30 g) _?3,C,2,?3,?3,How many servings of nuts (including peanuts) do you consume per week? (1 serving 30 g) 
VAL,"Do you preferentially consume chicken, turkey, or rabbit meat instead of veal, pork, hamburger, or sausage? _Yes",C,3,Yes,Yes,"Do you preferentially consume chicken, turkey, or rabbit meat instead of veal, pork, hamburger, or sausage? "
VAL,"Do you preferentially consume chicken, turkey, or rabbit meat instead of veal, pork, hamburger, or sausage? _No",C,2,No,No,"Do you preferentially consume chicken, turkey, or rabbit meat instead of veal, pork, hamburger, or sausage? "
VAL,"How many times per week do you consume vegetables, pasta, rice, or other dishes seasoned with sofrito (sauce made with tomato and onion, leek, or garlic and simmered with olive oil)? _?2",C,2,?2,?2,"How many times per week do you consume vegetables, pasta, rice, or other dishes seasoned with sofrito (sauce made with tomato and onion, leek, or garlic and simmered with olive oil)? "
VAL,"How many times per week do you consume vegetables, pasta, rice, or other dishes seasoned with sofrito (sauce made with tomato and onion, leek, or garlic and simmered with olive oil)? _<2",C,2,<2,<2,"How many times per week do you consume vegetables, pasta, rice, or other dishes seasoned with sofrito (sauce made with tomato and onion, leek, or garlic and simmered with olive oil)? "
VAL,complete_yes,C,3,yes,yes,Complete?
VAL,volunteer_id_2_CD-003,C,6,CD-003,CD-003,Volunteer ID_2
VAL,volunteer_id_2_CD-015,C,6,CD-015,CD-015,Volunteer ID_2
VAL,volunteer_id_2_CD-034,C,6,CD-034,CD-034,Volunteer ID_2
VAL,volunteer_id_2_CD-038,C,6,CD-038,CD-038,Volunteer ID_2
VAL,volunteer_id_2_CD-042,C,6,CD-042,CD-042,Volunteer ID_2
VAL,volunteer_id_2_CD-043,C,6,CD-043,CD-043,Volunteer ID_2
VAL,volunteer_id_2_CD-046,C,6,CD-046,CD-046,Volunteer ID_2
VAL,volunteer_id_2_CD-049,C,6,CD-049,CD-049,Volunteer ID_2
VAL,volunteer_id_2_CD-053,C,6,CD-053,CD-053,Volunteer ID_2
VAL,volunteer_id_2_CD-061,C,6,CD-061,CD-061,Volunteer ID_2
VAL,volunteer_id_2_CD-065,C,6,CD-065,CD-065,Volunteer ID_2
VAL,volunteer_id_2_CD-067,C,6,CD-067,CD-067,Volunteer ID_2
VAL,volunteer_id_2_CD-074,C,6,CD-074,CD-074,Volunteer ID_2
VAL,volunteer_id_2_CD-079,C,6,CD-079,CD-079,Volunteer ID_2
VAL,volunteer_id_2_CD-088,C,6,CD-088,CD-088,Volunteer ID_2
VAL,volunteer_id_2_CD-091,C,6,CD-091,CD-091,Volunteer ID_2
VAL,volunteer_id_2_CD-099,C,6,CD-099,CD-099,Volunteer ID_2
VAL,volunteer_id_2_CD-100,C,6,CD-100,CD-100,Volunteer ID_2
VAL,volunteer_id_2_CD-101,C,6,CD-101,CD-101,Volunteer ID_2
VAL,volunteer_id_2_CD-106,C,6,CD-106,CD-106,Volunteer ID_2
VAL,volunteer_id_2_CD-112,C,6,CD-112,CD-112,Volunteer ID_2
VAL,volunteer_id_2_CD-119,C,6,CD-119,CD-119,Volunteer ID_2
VAL,dob_2_14/03/1975,C,10,14/03/1975,14/03/1975,Date of Birth_3
VAL,dob_2_19/01/1966,C,10,19/01/1966,19/01/1966,Date of Birth_3
VAL,dob_2_04/12/2000,C,10,04/12/2000,04/12/2000,Date of Birth_3
VAL,dob_2_07/08/1978,C,10,07/08/1978,07/08/1978,Date of Birth_3
VAL,dob_2_01/12/1959,C,10,01/12/1959,01/12/1959,Date of Birth_3
VAL,dob_2_23/02/2000,C,10,23/02/2000,23/02/2000,Date of Birth_3
VAL,dob_2_19/04/1965,C,10,19/04/1965,19/04/1965,Date of Birth_3
VAL,dob_2_11/02/1978,C,10,11/02/1978,11/02/1978,Date of Birth_3
VAL,dob_2_28/04/1987,C,10,28/04/1987,28/04/1987,Date of Birth_3
VAL,dob_2_06/04/1967,C,10,06/04/1967,06/04/1967,Date of Birth_3
VAL,dob_2_21/04/1959,C,10,21/04/1959,21/04/1959,Date of Birth_3
VAL,dob_2_26/08/1978,C,10,26/08/1978,26/08/1978,Date of Birth_3
VAL,dob_2_01/03/1972,C,10,01/03/1972,01/03/1972,Date of Birth_3
VAL,dob_2_21/07/1967,C,10,21/07/1967,21/07/1967,Date of Birth_3
VAL,dob_2_17/09/1971,C,10,17/09/1971,17/09/1971,Date of Birth_3
VAL,dob_2_03/03/1963,C,10,03/03/1963,03/03/1963,Date of Birth_3
VAL,dob_2_29/06/1988,C,10,29/06/1988,29/06/1988,Date of Birth_3
VAL,dob_2_23/10/1976,C,10,23/10/1976,23/10/1976,Date of Birth_3
VAL,dob_2_27/12/1965,C,10,27/12/1965,27/12/1965,Date of Birth_3
VAL,dob_2_17/04/1959,C,10,17/04/1959,17/04/1959,Date of Birth_3
VAL,dob_2_08/07/1980,C,10,08/07/1980,08/07/1980,Date of Birth_3
VAL,dob_2_12/11/1980,C,10,12/11/1980,12/11/1980,Date of Birth_3
VAL,sex_2_Female,C,6,Female,Female,Sex_4
VAL,sex_2_Male,C,4,Male,Male,Sex_4
VAL,pregnancy_test_negative,C,8,negative,negative,Pregnancy test done on women of child-bearing age? Report result
VAL,"weight_kg_98,1",C,4,"98,1","98,1",Weight (kg)
VAL,"weight_kg_98,2",C,4,"98,2","98,2",Weight (kg)
VAL,"weight_kg_82,7",C,4,"82,7","82,7",Weight (kg)
VAL,"weight_kg_74,4",C,4,"74,4","74,4",Weight (kg)
VAL,"weight_kg_88,9",C,4,"88,9","88,9",Weight (kg)
VAL,"weight_kg_89,3",C,4,"89,3","89,3",Weight (kg)
VAL,"weight_kg_118,1",C,5,"118,1","118,1",Weight (kg)
VAL,"weight_kg_88,1",C,4,"88,1","88,1",Weight (kg)
VAL,"weight_kg_68,8",C,4,"68,8","68,8",Weight (kg)
VAL,"weight_kg_96,2",C,4,"96,2","96,2",Weight (kg)
VAL,"weight_kg_72,9",C,4,"72,9","72,9",Weight (kg)
VAL,"weight_kg_73,1",C,4,"73,1","73,1",Weight (kg)
VAL,weight_kg_100,C,3,100,100,Weight (kg)
VAL,"weight_kg_79,6",C,4,"79,6","79,6",Weight (kg)
VAL,"weight_kg_77,3",C,4,"77,3","77,3",Weight (kg)
VAL,"weight_kg_60,1",C,4,"60,1","60,1",Weight (kg)
VAL,"weight_kg_93,9",C,4,"93,9","93,9",Weight (kg)
VAL,"weight_kg_91,7",C,4,"91,7","91,7",Weight (kg)
VAL,"weight_kg_84,6",C,4,"84,6","84,6",Weight (kg)
VAL,weight_kg_77,C,2,77,77,Weight (kg)
VAL,"weight_kg_86,1",C,4,"86,1","86,1",Weight (kg)
VAL,height_cm_156,C,3,156,156,Height (cm)
VAL,"height_cm_174,1",C,5,"174,1","174,1",Height (cm)
VAL,"height_cm_163,5",C,5,"163,5","163,5",Height (cm)
VAL,"height_cm_165,8",C,5,"165,8","165,8",Height (cm)
VAL,"height_cm_170,5",C,5,"170,5","170,5",Height (cm)
VAL,height_cm_175,C,3,175,175,Height (cm)
VAL,"height_cm_167,1",C,5,"167,1","167,1",Height (cm)
VAL,height_cm_173,C,3,173,173,Height (cm)
VAL,height_cm_159,C,3,159,159,Height (cm)
VAL,height_cm_171,C,3,171,171,Height (cm)
VAL,height_cm_168,C,3,168,168,Height (cm)
VAL,"height_cm_171,1",C,5,"171,1","171,1",Height (cm)
VAL,"height_cm_156,8",C,5,"156,8","156,8",Height (cm)
VAL,"height_cm_151,6",C,5,"151,6","151,6",Height (cm)
VAL,"height_cm_161,5",C,5,"161,5","161,5",Height (cm)
VAL,"height_cm_152,5",C,5,"152,5","152,5",Height (cm)
VAL,"height_cm_157,2",C,5,"157,2","157,2",Height (cm)
VAL,height_cm_166,C,3,166,166,Height (cm)
VAL,height_cm_163,C,3,163,163,Height (cm)
VAL,"height_cm_168,4",C,5,"168,4","168,4",Height (cm)
VAL,"bmi_over_25_40,3",C,4,"40,3","40,3",BMI (>25 kg/m2)
VAL,"bmi_over_25_32,3",C,4,"32,3","32,3",BMI (>25 kg/m2)
VAL,"bmi_over_25_30,9",C,4,"30,9","30,9",BMI (>25 kg/m2)
VAL,"bmi_over_25_27,1",C,4,"27,1","27,1",BMI (>25 kg/m2)
VAL,"bmi_over_25_30,6",C,4,"30,6","30,6",BMI (>25 kg/m2)
VAL,"bmi_over_25_29,2",C,4,"29,2","29,2",BMI (>25 kg/m2)
VAL,"bmi_over_25_42,3",C,4,"42,3","42,3",BMI (>25 kg/m2)
VAL,"bmi_over_25_29,4",C,4,"29,4","29,4",BMI (>25 kg/m2)
VAL,"bmi_over_25_27,2",C,4,"27,2","27,2",BMI (>25 kg/m2)
VAL,"bmi_over_25_32,9",C,4,"32,9","32,9",BMI (>25 kg/m2)
VAL,"bmi_over_25_25,8",C,4,"25,8","25,8",BMI (>25 kg/m2)
VAL,"bmi_over_25_30,4",C,4,"30,4","30,4",BMI (>25 kg/m2)
VAL,"bmi_over_25_29,7",C,4,"29,7","29,7",BMI (>25 kg/m2)
VAL,"bmi_over_25_41,2",C,4,"41,2","41,2",BMI (>25 kg/m2)
VAL,"bmi_over_25_34,6",C,4,"34,6","34,6",BMI (>25 kg/m2)
VAL,"bmi_over_25_29,6",C,4,"29,6","29,6",BMI (>25 kg/m2)
VAL,"bmi_over_25_33,3",C,4,"33,3","33,3",BMI (>25 kg/m2)
VAL,"bmi_over_25_37,1",C,4,"37,1","37,1",BMI (>25 kg/m2)
VAL,bmi_over_25_29,C,2,29,29,BMI (>25 kg/m2)
VAL,Raised Triglycerides ( ? 100 mg/dL (1.7 mmol/L))_Yes,C,3,Yes,Yes,Raised Triglycerides ( ? 100 mg/dL (1.7 mmol/L))
VAL,Raised Triglycerides ( ? 100 mg/dL (1.7 mmol/L))_No,C,2,No,No,Raised Triglycerides ( ? 100 mg/dL (1.7 mmol/L))
VAL,Reduced HDL cholesterol: < 40 mg/dL (1.03 mmol/L) in males or < 50 mg/dL (1.29mmol/L) in females. _No,C,2,No,No,Reduced HDL cholesterol: < 40 mg/dL (1.03 mmol/L) in males or < 50 mg/dL (1.29mmol/L) in females. 
VAL,Reduced HDL cholesterol: < 40 mg/dL (1.03 mmol/L) in males or < 50 mg/dL (1.29mmol/L) in females. _Yes,C,3,Yes,Yes,Reduced HDL cholesterol: < 40 mg/dL (1.03 mmol/L) in males or < 50 mg/dL (1.29mmol/L) in females. 
VAL,Raised blood pressure: systolic BP ? 130 or diastolic BP ? 85 mm Hg. _Yes,C,3,Yes,Yes,Raised blood pressure: systolic BP ? 130 or diastolic BP ? 85 mm Hg. 
VAL,Raised blood pressure: systolic BP ? 130 or diastolic BP ? 85 mm Hg. _No,C,2,No,No,Raised blood pressure: systolic BP ? 130 or diastolic BP ? 85 mm Hg. 
VAL,Raised fasting plasma glucose (FPG): ? 90 mg/dL (5.0 mmol/L).   _No,C,2,No,No,Raised fasting plasma glucose (FPG): ? 90 mg/dL (5.0 mmol/L).   
VAL,Raised fasting plasma glucose (FPG): ? 90 mg/dL (5.0 mmol/L).   _Yes,C,3,Yes,Yes,Raised fasting plasma glucose (FPG): ? 90 mg/dL (5.0 mmol/L).   
VAL,Current smokers _Yes,C,3,Yes,Yes,Current smokers 
VAL,Current smokers _No,C,2,No,No,Current smokers 
VAL,Do you have any of the following chronic medical conditions?        (choice=Diabetes)_No,C,2,No,No,Do you have any of the following chronic medical conditions?        (choice=Diabetes)
VAL,Do you have any of the following chronic medical conditions?        (choice=Hypertension)_No,C,2,No,No,Do you have any of the following chronic medical conditions?        (choice=Hypertension)
VAL,Do you have any of the following chronic medical conditions?        (choice=Hypertension)_Yes,C,3,Yes,Yes,Do you have any of the following chronic medical conditions?        (choice=Hypertension)
VAL,Do you have any of the following chronic medical conditions?        (choice=Hypertension with medication)_No,C,2,No,No,Do you have any of the following chronic medical conditions?        (choice=Hypertension with medication)
VAL,Do you have any of the following chronic medical conditions?        (choice=Hypertension with medication)_Yes,C,3,Yes,Yes,Do you have any of the following chronic medical conditions?        (choice=Hypertension with medication)
VAL,"Do you have any of the following chronic medical conditions?        (choice=Dyslipidaemia (imbalance of lipids such as cholesterol, low-density lipoprotein cholesterol, (LDL-C), triglycerides, and high-density lipoprotein (HDL)).)_No",C,2,No,No,"Do you have any of the following chronic medical conditions?        (choice=Dyslipidaemia (imbalance of lipids such as cholesterol, low-density lipoprotein cholesterol, (LDL-C), triglycerides, and high-density lipoprotein (HDL)).)"
VAL,"Do you have any of the following chronic medical conditions?        (choice=Dyslipidaemia (imbalance of lipids such as cholesterol, low-density lipoprotein cholesterol, (LDL-C), triglycerides, and high-density lipoprotein (HDL)).)_Yes",C,3,Yes,Yes,"Do you have any of the following chronic medical conditions?        (choice=Dyslipidaemia (imbalance of lipids such as cholesterol, low-density lipoprotein cholesterol, (LDL-C), triglycerides, and high-density lipoprotein (HDL)).)"
VAL,Do you have any of the following chronic medical conditions?        (choice=Dyslipidaemia controlled with medication)_No,C,2,No,No,Do you have any of the following chronic medical conditions?        (choice=Dyslipidaemia controlled with medication)
VAL,Do you have any of the following chronic medical conditions?        (choice=Dyslipidaemia controlled with medication)_Yes,C,3,Yes,Yes,Do you have any of the following chronic medical conditions?        (choice=Dyslipidaemia controlled with medication)
VAL,Do you have any of the following chronic medical conditions?        (choice=Cardiovascular disease)_No,C,2,No,No,Do you have any of the following chronic medical conditions?        (choice=Cardiovascular disease)
VAL,Do you have any of the following chronic medical conditions?        (choice=Chronic gastrointestinal condition)_No,C,2,No,No,Do you have any of the following chronic medical conditions?        (choice=Chronic gastrointestinal condition)
VAL,Do you have any of the following chronic medical conditions?        (choice=Cancer)_No,C,2,No,No,Do you have any of the following chronic medical conditions?        (choice=Cancer)
VAL,Do you have any of the following chronic medical conditions?        (choice=Acute infectious disease)_No,C,2,No,No,Do you have any of the following chronic medical conditions?        (choice=Acute infectious disease)
VAL,Do you have any of the following chronic medical conditions?        (choice=Renal disease)_No,C,2,No,No,Do you have any of the following chronic medical conditions?        (choice=Renal disease)
VAL,Do you have any of the following chronic medical conditions?        (choice=None that I am aware of)_No,C,2,No,No,Do you have any of the following chronic medical conditions?        (choice=None that I am aware of)
VAL,Do you take any current medication? (choice=ACE inhibitors)_No,C,2,No,No,Do you take any current medication? (choice=ACE inhibitors)
VAL,Do you take any current medication? (choice=Diuretics)_No,C,2,No,No,Do you take any current medication? (choice=Diuretics)
VAL,Do you take any current medication? (choice=Other antihypertensive agents)_No,C,2,No,No,Do you take any current medication? (choice=Other antihypertensive agents)
VAL,"Do you take any current medication? (choice=Other antihypertensive agents)_Yes, bisoprolol fumarate, olmesartan mexodimil",C,46,"Yes, bisoprolol fumarate, olmesartan mexodimil","Yes, bisoprolol fumarate, olmesartan mexodimil",Do you take any current medication? (choice=Other antihypertensive agents)
VAL,"Do you take any current medication? (choice=Other antihypertensive agents)_Yes, candersastan",C,17,"Yes, candersastan","Yes, candersastan",Do you take any current medication? (choice=Other antihypertensive agents)
VAL,"Do you take any current medication? (choice=Other antihypertensive agents)_Yes, amlodipine",C,15,"Yes, amlodipine","Yes, amlodipine",Do you take any current medication? (choice=Other antihypertensive agents)
VAL,Do you take any current medication? (choice=Statins)_No,C,2,No,No,Do you take any current medication? (choice=Statins)
VAL,"Do you take any current medication? (choice=Statins)_Yes, atorvastatin, ezetimibe",C,28,"Yes, atorvastatin, ezetimibe","Yes, atorvastatin, ezetimibe",Do you take any current medication? (choice=Statins)
VAL,Do you take any current medication? (choice=Other lipid-lowering agents)_No,C,2,No,No,Do you take any current medication? (choice=Other lipid-lowering agents)
VAL,Do you take any current medication? (choice=Insulin)_No,C,2,No,No,Do you take any current medication? (choice=Insulin)
VAL,Do you take any current medication? (choice=Oral hypoglycaemic agents)_No,C,2,No,No,Do you take any current medication? (choice=Oral hypoglycaemic agents)
VAL,Do you take any current medication? (choice=Aspiring or Antiplatelet therapy)_No,C,2,No,No,Do you take any current medication? (choice=Aspiring or Antiplatelet therapy)
VAL,Do you take any current medication? (choice=Hormone-replacement therapy)_No,C,2,No,No,Do you take any current medication? (choice=Hormone-replacement therapy)
VAL,Do you take any current medication? (choice=Hormone-replacement therapy)_Yes,C,3,Yes,Yes,Do you take any current medication? (choice=Hormone-replacement therapy)
VAL,Do you take any current medication? (choice=Pain medication)_No,C,2,No,No,Do you take any current medication? (choice=Pain medication)
VAL,Do you take any current medication? (choice=Antidepressants)_Yes,C,3,Yes,Yes,Do you take any current medication? (choice=Antidepressants)
VAL,Do you take any current medication? (choice=Antidepressants)_No,C,2,No,No,Do you take any current medication? (choice=Antidepressants)
VAL,"Do you take any current medication? (choice=Antidepressants)_yes, aripiprazole",C,17,"yes, aripiprazole","yes, aripiprazole",Do you take any current medication? (choice=Antidepressants)
VAL,"Do you take any current medication? (choice=Supplements (Vitamins, minerals, fatty acids, probiotics))_No",C,2,No,No,"Do you take any current medication? (choice=Supplements (Vitamins, minerals, fatty acids, probiotics))"
VAL,"Do you take any current medication? (choice=Supplements (Vitamins, minerals, fatty acids, probiotics))_Yes",C,3,Yes,Yes,"Do you take any current medication? (choice=Supplements (Vitamins, minerals, fatty acids, probiotics))"
VAL,"Do you take any current medication? (choice=Supplements (Vitamins, minerals, fatty acids, probiotics))_Yes, vitamin supplements",C,24,"Yes, vitamin supplements","Yes, vitamin supplements","Do you take any current medication? (choice=Supplements (Vitamins, minerals, fatty acids, probiotics))"
VAL,Do you take any current medication? (choice=Others)_No,C,2,No,No,Do you take any current medication? (choice=Others)
VAL,Do you take any current medication? (choice=Others)_promethazine,C,12,promethazine,promethazine,Do you take any current medication? (choice=Others)
VAL,Do you take any current medication? (choice=Others)_period pain management,C,22,period pain management,period pain management,Do you take any current medication? (choice=Others)
VAL,Do you take any current medication? (choice=Others)_fexofenadine for hay fever,C,26,fexofenadine for hay fever,fexofenadine for hay fever,Do you take any current medication? (choice=Others)
VAL,Do you take any current medication? (choice=None:)_No,C,2,No,No,Do you take any current medication? (choice=None:)
VAL,antibiotics_3mo_No,C,2,No,No,Have you used antibiotics in the past 3 months?
VAL,food_allergies_No,C,2,No,No,Do you have any food allergies?
VAL,"food_allergies_Yes, bamboo shoots",C,18,"Yes, bamboo shoots","Yes, bamboo shoots",Do you have any food allergies?
VAL,food_allergies_peanut allergy,C,14,peanut allergy,peanut allergy,Do you have any food allergies?
VAL,research_3mo_No,C,2,No,No,Have you taken part in any research studies in the past 3 months?
VAL,weight_change_3mo_No,C,2,No,No,"Have you lost or gained weight in the past 3 months? If yes, how much?"
VAL,weight_change_3mo_lost 1 kg,C,9,lost 1 kg,lost 1 kg,"Have you lost or gained weight in the past 3 months? If yes, how much?"
VAL,"weight_change_3mo_Yes, lost 2 kg",C,14,"Yes, lost 2 kg","Yes, lost 2 kg","Have you lost or gained weight in the past 3 months? If yes, how much?"
VAL,weight_change_3mo_gained 2.5 kg in the past 3 months,C,34,gained 2.5 kg in the past 3 months,gained 2.5 kg in the past 3 months,"Have you lost or gained weight in the past 3 months? If yes, how much?"
VAL,weight_change_3mo_gained 3 kg in the past 3 months,C,32,gained 3 kg in the past 3 months,gained 3 kg in the past 3 months,"Have you lost or gained weight in the past 3 months? If yes, how much?"
VAL,"Do you currently suffer from any long-term illness?  If Yes, please specify._mental health issues",C,20,mental health issues,mental health issues,"Do you currently suffer from any long-term illness?  If Yes, please specify."
VAL,"Do you currently suffer from any long-term illness?  If Yes, please specify._Acid Reflux, back problem",C,25,"Acid Reflux, back problem","Acid Reflux, back problem","Do you currently suffer from any long-term illness?  If Yes, please specify."
VAL,"Do you currently suffer from any long-term illness?  If Yes, please specify._No",C,2,No,No,"Do you currently suffer from any long-term illness?  If Yes, please specify."
VAL,"Do you currently suffer from any long-term illness?  If Yes, please specify._joint pains",C,11,joint pains,joint pains,"Do you currently suffer from any long-term illness?  If Yes, please specify."
VAL,"Do you currently suffer from any long-term illness?  If Yes, please specify._endometriosis",C,13,endometriosis,endometriosis,"Do you currently suffer from any long-term illness?  If Yes, please specify."
VAL,"Do you currently suffer from any long-term illness?  If Yes, please specify._hypertension, high cholesterol",C,30,"hypertension, high cholesterol","hypertension, high cholesterol","Do you currently suffer from any long-term illness?  If Yes, please specify."
VAL,"Do you currently suffer from any long-term illness?  If Yes, please specify._hypertension",C,12,hypertension,hypertension,"Do you currently suffer from any long-term illness?  If Yes, please specify."
VAL,"Do you currently suffer from any long-term illness?  If Yes, please specify._pre-diabetic last year",C,22,pre-diabetic last year,pre-diabetic last year,"Do you currently suffer from any long-term illness?  If Yes, please specify."
VAL,"Are you pregnant, breast feeding, planning to get pregnant or your partner is planning to get pregnant, in the next 12 months?  _No",C,2,No,No,"Are you pregnant, breast feeding, planning to get pregnant or your partner is planning to get pregnant, in the next 12 months?  "
